name,value
重污染天气应对,4
移动源清洁化,3
大气污染防治,2
餐饮业,2
钢铁,2
环境检测,2
环境影响评价,2
机动车监管,2
绩效分级,2
秸秆焚烧,2
秸秆综合利用,2
煤炭清洁高效利用,2
重点行业,2
挥发性有机物,2
机动车监管,2
新污染物,2
POPs,1
VOCs,1
氨气减排,1
大气污染物,1
大气环境绩效分级管理,1
玻璃钢,1
锅炉,1
柴油车监管,1
非道路移动机械,1
粉煤灰,1
钢铁行业,1
工业炉窑,1
活性炭,1
火电,1
机动车尾气,1
建筑垃圾,1
交通运输,1
焦化行业,1
清洁运输,1
垃圾焚烧,1
石灰,1
施工扬尘,1
水泥行业,1
水环境,1
脱硫脱硝,1
脱硝,1
挥发性有机物治理,1
砖瓦,1
表面涂装,1
柴油货车,1
超低排放,1
储油库,1
印刷,1
油品运输,1
排污权,1
排污许可,1
汽修,1
燃煤锅炉,1
耐火材料,1
餐饮业油烟,1
污染防治方案,1
污染防治技术,1
污染控制技术规范,1
污染源监控监测,1
颗粒物,1
煤炭消费,1
煤化工,1
加油站,1
焦化,1
秋冬季,1
重污染天气,1
生活垃圾焚烧,1
来源解析,1
联防联控,1
移动源减排,1
化学工业,1